platform,product_id,review_id,rating,comment,username,date,source_url,collected_at
tiki,48481763,20189760,5,"Một trong những quyển sách hay nhất mình từng đọc, cùng với đó là Tư duy nhanh và chậm và Antifragile . Một công trình đồ sộ, đa ngành, và mang tính ứng dụng cao đằng sau vẻ bề ngoài học thuật khô khan, khó nhằng khi đọc nhưng dám chắc khi đã hoàn thành xong thì rất xứng đáng.",Lê Thanh Danh,2025-11-12T08:19:53,https://tiki.vn/sach-thien-nga-den-tai-ban-2020-p48481763.html?spid=48481764,2026-04-13T13:29:55
tiki,48481763,15425470,5,"không biết do giọng văn dịch hay do nội dung nhưng đọc phê pha lắm :') Quyển này chắc phải nhai lại 4-5 lần gì đó mới ngấm nổi :') Bìa mềm với màu trắng nên hơi dễ dơ xíu, sách siêu dày nha. Nói chung là đọc vô thấy tri thức hẳn :))) nên xem review trên web trước để coi nội dung trước khi quyết định mua nhe",Huyền Trân,2022-03-15T09:50:31,https://tiki.vn/sach-thien-nga-den-tai-ban-2020-p48481763.html?spid=48481764,2026-04-13T13:29:55
tiki,48481763,19885074,5,"Mình được giới thiệu tác giả này nên mua 1 bộ luôn 3 cuốn. Về mua sách, giao & gói hàng của tiki chưa bao giờ làm mìh thất vọng, 5 sao",Trần Ngọc Nhật Minh,2024-05-28T13:53:44,https://tiki.vn/sach-thien-nga-den-tai-ban-2020-p48481763.html?spid=48481764,2026-04-13T13:29:55
tiki,48481763,20086013,5,Được bạn bè giới thiệu về cuốn sách này nên quyết định mua về đọc thử. Tiki gói hàng rất chỉn chu.,Thanh Trúc,2025-02-22T19:56:25,https://tiki.vn/sach-thien-nga-den-tai-ban-2020-p48481763.html?spid=48481764,2026-04-13T13:29:55
tiki,48481763,20212850,5,Sách in đẹp chất lượng nội dung chưa đọc nên chưa có đánh giá,An Nguyen,2026-02-13T17:53:48,https://tiki.vn/sach-thien-nga-den-tai-ban-2020-p48481763.html?spid=48481764,2026-04-13T13:29:55
tiki,48481763,20102687,3,"Sách giao thì mới và nhanh,nhưng khi đọc khoảng tầm chục trang thì thấy có vết rách gập vào tròn",han pham,2025-03-27T21:33:36,https://tiki.vn/sach-thien-nga-den-tai-ban-2020-p48481763.html?spid=48481764,2026-04-13T13:29:55
tiki,48481763,20147313,4,"Sách ko có bookcare, hơi bụi bẩn khá nhiều, phải lau sạch nhưng vẫn ok.",An Gia,2025-07-16T11:47:58,https://tiki.vn/sach-thien-nga-den-tai-ban-2020-p48481763.html?spid=48481764,2026-04-13T13:29:55
tiki,48481763,19916009,5,Nội dung hấp dẫn nhưng đọc sẽ hơi nặng đầu và cần suy nghĩ nhiều nên phải đọc và nghiền ngẫm lâu,Trương An Nhien,2024-07-01T20:44:13,https://tiki.vn/sach-thien-nga-den-tai-ban-2020-p48481763.html?spid=48481764,2026-04-13T13:29:55
tiki,48481763,14669785,5,Sách khá là ok nhưng mình chưa đọc nên không biết review nội dung cho các bạn tham khảo. Nhưng mình nghĩ sách nào cũng có giá trị và cái hay riêng của nó nên cứ đọc và trải nghiệm cũng như tiếp thu thêm kiến thức 😊,Tường Nhi,2022-01-24T18:17:42,https://tiki.vn/sach-thien-nga-den-tai-ban-2020-p48481763.html?spid=48481764,2026-04-13T13:29:55
tiki,48481763,20073980,5,Kinh điển,Tâm Nguyễn,2025-02-01T17:04:21,https://tiki.vn/sach-thien-nga-den-tai-ban-2020-p48481763.html?spid=48481764,2026-04-13T13:29:55
tiki,48481763,19789414,5,Nội dung sách có thể khá khó đọc như các bạn đọc khác đã chia sẽ.,Thư Trần,2024-03-01T12:54:31,https://tiki.vn/sach-thien-nga-den-tai-ban-2020-p48481763.html?spid=48481764,2026-04-13T13:29:55
tiki,48481763,19347130,5,Ok,Đỗ Thị Vân Hương,2023-07-03T18:41:34,https://tiki.vn/sach-thien-nga-den-tai-ban-2020-p48481763.html?spid=48481764,2026-04-13T13:29:55
tiki,48481763,8714458,3,"Sản phẩm được giao cho chị mình vào ngày 17/3 (chị ấy học và sinh sống tại HCM), mình nhờ chị ấy nhận và kiểm tra sản phẩm để thuận tiện trong quá trình trao đổi khi xảy ra sự cố. Có vẻ vì đặt lòng tin vào Tiki chị đã không quan sát thấu đáo sản phẩm. Kết quả là đến ngày 26/3 mình nhận được thùng hàng. Hào hứng mở ra xem thì thất thần. Mình hoàn không hiểu vì lẽ nào mà tấm bìa bao ngoài về cơ bản trong rất bình thường nhưng phần bìa trong lại có nếp nhăn (trong như nếp gấp) tác động mạnh đến cả hơn 30 trang sách sau đấy. Đặt trường hợp đấy là lỗi do vận chuyển thì phần bìa ngoài vốn dĩ là nơi nhận tổn thương nhiều nhất lại hoàn toàn bình thường. Trong khi phần trong lại bị ảnh hưởng rõ ràng là rất mạnh. Nỗi thắc mắc khiến mình phải liên lạc với bên CSKH, đầu tiên họ nói với mình đó là lỗi ngoại quan, phải thông báo trong 48h khi nhận đc hàng mới được hưởng chính sách đổi trả. Mình và bên ấy đã có 1 khoảng thời gian đôi co kết quả là qua ngày hôm sau, bên ấy chủ động liên lạc với mình thông qua gọi thoại. Họ kêu cầu: “nếu bên bạn có video mở sản phẩm thì bên mình mới có thêm thông tin để giải quyết tiếp được”, và dĩ nhiên không quên kèm lời xin lỗi. Thứ đó mình hoàn toàn trong có. Ai lại giở hàng mà ddi quay điện thoại trước mặt shipper. Bên ấy tiếp tục đề nghị giảm 5% cho đơn hàng tiếp theo để giải quyết vụ việc. Với chất giọng nhẹ nhàng của tư vấn viên và cũng 1 phần là lỗi bên mình đã bất cẩn. Và rằng cắn răng thì mình cũng có thể chấp nhận sp đc vì ít nhất không mua phải hàng rởm. Dẫu sao thì với mình giá trị của sách nằm ở phần nội dung chứ không phải hình thức. Nên mình đã chấp nhận thỏa thuận. Mình viết những dòng này không thành tâm để khiển trách bên shop (có chủ tâm thay bìa nhằm nguỵ tạo hình thức hay không) hay chính sách giải quyết và thông tin tới khách hàng còn chưa thoả đáng. Mình không biết vì đây là lần đầu mua hàng trên mạng sau nhiều năm cạch mặt sendo. Ý định của mình khi đánh những con chữ này là muốn giúp bạn có 1 thái độ cẩn trọng hơn quá trình kiểm tra hình thức sản phẩm cũng như tìm hiểu trc các chính sách hậu mãi của Tiki. Riêng mình, mình sẽ tiếp tục ủng hộ Tiki dẫu hơi khó chịu. Vì đây là 1 doanh nghiệp Việt. Cám ơn vì đã dành thời gian quý báu của bạn cho những dòng chữ này",Trần P. Hưỡng,2021-03-27T23:14:32,https://tiki.vn/sach-thien-nga-den-tai-ban-2020-p48481763.html?spid=48481764,2026-04-13T13:29:55
tiki,48481763,19265959,5,"không chỉnh được * đánh giá cân nhắc khi mua, nội dung tri thức ít, chủ yếu thấy tác giả công kích những người khác (quan điểm cá nhân)",Nhân Trần,2023-06-06T15:36:00,https://tiki.vn/sach-thien-nga-den-tai-ban-2020-p48481763.html?spid=48481764,2026-04-13T13:29:55
tiki,48481763,14808624,4,"Tác giả đôi khi cho ra những cách diễn giải quá dài dòng về các thí nghiệm của mình, nhưng vốn dĩ chuyện khoa học và thí nghiệm đã nhàm chán với người thường, tôi đánh giá rất cao chuyện tác giả cố gắng kể những câu chuyện ấy và lập luận để cho người đọc thấy đc toàn bộ câu chuyện, dù nó rất chán. Cách viết rất okie",trương tấn thành,2022-02-06T15:12:57,https://tiki.vn/sach-thien-nga-den-tai-ban-2020-p48481763.html?spid=48481764,2026-04-13T13:29:55
tiki,48481763,19503586,5,Bác Taleb viết dài quá. Xem tóm tắt sách là đủ rùi.,N H K,2023-09-03T17:15:50,https://tiki.vn/sach-thien-nga-den-tai-ban-2020-p48481763.html?spid=48481764,2026-04-13T13:29:55
tiki,48481763,12211581,5,"Thất bại, thành công hay may mắn đều được lí giải một cách hợp lí nhất dựa theo khoa học xác suất và kinh nghiệm sống của chính tác giả. Đặc biệt là những “thiên tài cô đơn” - những người đang trên đường đi đến thành công nhưng phải chịu cảnh xa lánh trong chính xã hội của mình - những người như thế có thể tìm thấy rất nhiều động lực thoả đáng trong cuốn sách này.",Lê Nguyên Long,2021-09-15T21:53:19,https://tiki.vn/sach-thien-nga-den-tai-ban-2020-p48481763.html?spid=48481764,2026-04-13T13:29:55
tiki,48481763,19775198,5,"Sách cũng dày đó nhe, gói hàng rất kĩ",Phạm Tấn Đạt,2024-02-20T12:32:05,https://tiki.vn/sach-thien-nga-den-tai-ban-2020-p48481763.html?spid=48481764,2026-04-13T13:29:55
tiki,48481763,16888939,5,"sách hay. thiên về triết học. đọc hơi khó hiểu xíu vì có nhiều từ chuyên ngành. đóng gói gọn, giao nhanh. shiper thân thiện",Ta Là Ta,2022-06-30T09:12:20,https://tiki.vn/sach-thien-nga-den-tai-ban-2020-p48481763.html?spid=48481764,2026-04-13T13:29:55
tiki,48481763,10073652,3,"Hình như cuốn sách này chỉ chia sẻ về hiện tượng Thiên nga đen thôi ấy, chỉ một hiện tượng nhưng dẫn chứng các câu chuyện để chứng minh rằng đây là hiện tượng thiên nga đen, hiện tượng thiên nga đen là có thật. Tại vì sách có vài phần kinh tế, mà lĩnh vực kinh tế không thuộc sở thích của mình nên mình đọc cảm thấy hơi khó nuốt. Mình chỉ mới đọc gần nửa cuốn thôi nhưng ngoài các câu chuyện có hiện tượng này thì mình không thấy các kiến thức hữu ích nào khác.",Quế Đặng,2021-05-31T15:33:45,https://tiki.vn/sach-thien-nga-den-tai-ban-2020-p48481763.html?spid=48481764,2026-04-13T13:29:55
tiki,48481763,9923707,5,"Một cuốn sách rất đáng để đọc, nói về những định kiến những giới hạn con người tự đặt ra cho mình, mở ra những góc cạnh mới của vấn đề, những thứ mà giáo dục từ trước đến nay đã giới hạn tầm nhìn cũa con người. Mình chưa đọc xong nhưng rất tâm đắc và ngộ ra được nhiều điều.",PHẠM THỊ THANH HƯƠNG,2021-05-24T08:59:33,https://tiki.vn/sach-thien-nga-den-tai-ban-2020-p48481763.html?spid=48481764,2026-04-13T13:29:55
tiki,48481763,18805382,5,Nội dung bổ ích cho những ai muốn thay đổi nhận thức bản thân về thế giới và cuộc sống.    Chất lượng in ấn tốt. Giao hàng nhanh.,Kiên Võ,2023-02-15T13:36:19,https://tiki.vn/sach-thien-nga-den-tai-ban-2020-p48481763.html?spid=48481764,2026-04-13T13:29:55
tiki,48481763,19279629,5,Trải nghiệm mua sắm của mình với Tiki cho đến hiện tại đều rất tốt.,Phương Đoàn,2023-06-10T10:45:39,https://tiki.vn/sach-thien-nga-den-tai-ban-2020-p48481763.html?spid=48481764,2026-04-13T13:29:55
tiki,48481763,18947831,1,đóng gói tệ vận chuyển viettel ship đè hàng kinh khủng,Nguyễn Ngọc Phương Uyên,2023-03-12T22:34:00,https://tiki.vn/sach-thien-nga-den-tai-ban-2020-p48481763.html?spid=48481764,2026-04-13T13:29:55
tiki,48481763,12987916,2,Mép bìa sách với trang bị rời ra ko như các sách đã đặt trước đây. Cảm giác như ko biết là có phải sách thật hay ko,Hoàng trung kiên,2021-11-03T09:52:28,https://tiki.vn/sach-thien-nga-den-tai-ban-2020-p48481763.html?spid=48481764,2026-04-13T13:29:55
tiki,48481763,16877566,5,"Sách hay. Tuy đọc chưa hết nhưng sách khiến mình mở ra thêm 1 tầng kiến thức mới, suy nghĩ đúng đắn hơn về vấn đề quản trị rủi ro.",Hồng Nhân,2022-06-29T09:14:35,https://tiki.vn/sach-thien-nga-den-tai-ban-2020-p48481763.html?spid=48481764,2026-04-13T13:29:55
tiki,48481763,6782405,5,"Thiên Nga Đen là cuốn sách bao quát nhiều chủ đề: từ hiện tượng kẻ thắng lấy hết, tác động của sự tình cờ, sự bất lực của đường cong hình chuông Gauss đối với hầu hết mọi điều, các khái niệm về tính thang bậc, vô số những bất định xảy ra trên thế giới, đặc biệt là thế giới hiện đại nơi thông tin di chuyển với tốc độ chóng mặt, cho đến những ý tưởng sai lầm về khả năng dự đoán tương lai của con người. Và quan trọng hơn hết, tất cả những ý tưởng này đã được tác giả khéo léo xâu chuỗi thành một lý thuyết chung, giúp ta nhận ra được vốn kiến thức ít ỏi của mình.",thaongoc,2021-01-07T14:35:00,https://tiki.vn/sach-thien-nga-den-tai-ban-2020-p48481763.html?spid=48481764,2026-04-13T13:29:55
tiki,48481763,19418506,5,"Đóng gói cẩn thận, giao hàng nhanh.",Nguyễn Lê Trang Dung,2023-07-29T17:03:06,https://tiki.vn/sach-thien-nga-den-tai-ban-2020-p48481763.html?spid=48481764,2026-04-13T13:29:55
tiki,48481763,19650666,5,Sách hay,Minh Tuấn Trần,2023-11-17T09:27:47,https://tiki.vn/sach-thien-nga-den-tai-ban-2020-p48481763.html?spid=48481764,2026-04-13T13:29:55
tiki,48481763,18901935,4,Hình thức ổn. Kể mà những cuốn sách này có bookmark thì tuyệt,Nguyễn Tuấn Anh,2023-03-04T14:06:17,https://tiki.vn/sach-thien-nga-den-tai-ban-2020-p48481763.html?spid=48481764,2026-04-13T13:29:55
tiki,48481763,17740606,5,Hàng đến tay rất hài lòng,Võ Hồ Nhật Tân,2022-09-19T20:21:37,https://tiki.vn/sach-thien-nga-den-tai-ban-2020-p48481763.html?spid=48481764,2026-04-13T13:29:55
tiki,48481763,19854939,5,Hay,Nguyễn Thuần Hưng,2024-04-26T11:12:55,https://tiki.vn/sach-thien-nga-den-tai-ban-2020-p48481763.html?spid=48481764,2026-04-13T13:29:55
tiki,48481763,12933038,5,Giao khá nhanh. Sách được bọc rất kĩ nên không bị cong hay hư hại. Được 1 ng quen giới thiệu mua nhưng chưa đọc nên chưa biết.,Nguyễn Hoàng Thiên Ân,2021-10-31T12:20:02,https://tiki.vn/sach-thien-nga-den-tai-ban-2020-p48481763.html?spid=48481764,2026-04-13T13:29:55
tiki,48481763,14564436,1,"Sách giao nguyên vẹn k rách, nhưng cuốn Dune bự hơn, cuốn Fooled by randomess cũng đc bọc mà cuốn này lại ko đc bọc. Tiki nên coi lại vì khổ sách k có j đặc biệt mà lại k bọc bookcare",Cao Việt Dũng,2022-01-19T13:36:30,https://tiki.vn/sach-thien-nga-den-tai-ban-2020-p48481763.html?spid=48481764,2026-04-13T13:29:55
tiki,48481763,5689296,1,"tiki giao sách nè. thiệt tình muốn chửi thề luôn, bán hàng lương tâm quăng *** cắn hả. phí vận chuyện cũng 39k chứ đâu phải free. đâu phải đi xin sách. mua bán kiểu gì vậy. mua hàng lâu nay, quá tệ.",Phạm Lê Hiếu Sĩ,2020-11-20T20:08:24,https://tiki.vn/sach-thien-nga-den-tai-ban-2020-p48481763.html?spid=48481764,2026-04-13T13:29:55
tiki,48481763,18794723,5,Sách ổn hay nên đọc,Nguyễn Thị Ánh Nguyệt,2023-02-13T18:30:42,https://tiki.vn/sach-thien-nga-den-tai-ban-2020-p48481763.html?spid=48481764,2026-04-13T13:29:55
tiki,48481763,18830433,5,"Góc nhìn mới lạ, lời văn hóm hỉnh, một số đoạn kiến thức chuyên sâu khá khó hiểu.",Tran Hong Anh,2023-02-19T18:01:19,https://tiki.vn/sach-thien-nga-den-tai-ban-2020-p48481763.html?spid=48481764,2026-04-13T13:29:55
tiki,48481763,10602888,4,"Sách đẹp và mới, có 2 bìa, bìa ngoài cắt vát góc nên không lo bị quăn. Hơi khó chịu vì góc sách mấy trang đầu và bìa hơi bị cong gập như hình.",Huyền Nguyễn,2021-06-23T08:51:32,https://tiki.vn/sach-thien-nga-den-tai-ban-2020-p48481763.html?spid=48481764,2026-04-13T13:29:55
tiki,48481763,18614805,1,"Tiki giao nhanh, đóng gói kỹ  Nhưng sách dịch dở tệ, đọc vài trang là thấy hết muốn đọc",Cam Han Thai,2023-01-11T07:03:33,https://tiki.vn/sach-thien-nga-den-tai-ban-2020-p48481763.html?spid=48481764,2026-04-13T13:29:55
tiki,48481763,4329230,5,Cả một mùa covid-19 gắn liền với Thiên nga đen. Hợp thời- hợp cảnh - hợp cô Vy nên thấm từng câu trong đó. Xác xuất xảy ra dịch bệnh sas-covi-2 cực nhỏ nhưng tác động cực lớn đến nền kinh tế toàn cầu. Có lẽ đây sẽ là case điển hình cho khủng hoảng kinh tế toàn cầu lần thứ 3 trong lịch sử!,Phạm Văn Hiển,2020-08-05T02:04:56,https://tiki.vn/sach-thien-nga-den-tai-ban-2020-p48481763.html?spid=48481764,2026-04-13T13:29:55
tiki,48481763,19125184,3,"Đọc hơi buồn ngủ, nội dung không nhất thiết phải dài như vậy.",Đào Duy Huy,2023-04-24T08:19:09,https://tiki.vn/sach-thien-nga-den-tai-ban-2020-p48481763.html?spid=48481764,2026-04-13T13:29:55
tiki,48481763,8110624,4,"Sách đẹp dày dặn chưa đọc lên không biết nội dung bên trong. phần đóng gói chán quá, ít nhất thì cũng cho khách hàng một lớp túi rồi hẵng đóng hộp chứ hoặc dấy bìa gì cũng được, có mỗi cái hộp với sách. Nói trung khá hài lòng",Một Kỷ Niệm,2021-03-02T15:27:22,https://tiki.vn/sach-thien-nga-den-tai-ban-2020-p48481763.html?spid=48481764,2026-04-13T13:29:55
tiki,48481763,12748402,5,"Bao bì kĩ càng, giao nhanh. Sách được bảo quản tốt trong quá trình vận chuyển.  Sẽ còn quay lại mua. Ban đầu xác nhận đơn thì có lâu xíu",Nguyên Đạt,2021-10-21T17:32:52,https://tiki.vn/sach-thien-nga-den-tai-ban-2020-p48481763.html?spid=48481764,2026-04-13T13:29:55
tiki,48481763,18533169,4,"Về tổng thể thì ổn, nhưng quá trình vận chuyển không tốt, sách bị quăn góc",Đoàn Minh Tiến,2022-12-29T17:35:46,https://tiki.vn/sach-thien-nga-den-tai-ban-2020-p48481763.html?spid=48481764,2026-04-13T13:29:55
tiki,48481763,18818912,3,"Chủ đề của sách hay nhưng nội dung lan man, không làm rõ được ý",Lê Nguyễn Đan Quế,2023-02-17T16:26:17,https://tiki.vn/sach-thien-nga-den-tai-ban-2020-p48481763.html?spid=48481764,2026-04-13T13:29:55
tiki,48481763,10218706,5,"1. Giao hàng nhanh.  2. Sách đẹp. Sách được đóng gáy tốt, giấy in thì đẹp, chất lượng nên rất thoải mái khi cầm và lật xem những trang ở giữa sách. 3. Mình có bọc book care nên sách chắc chắn hơn.",Phan Nguyễn Thanh Tâm,2021-06-06T21:51:09,https://tiki.vn/sach-thien-nga-den-tai-ban-2020-p48481763.html?spid=48481764,2026-04-13T13:29:55
tiki,48481763,14040526,5,"Giao hàng đúng hạn, sản phẩm được bọc đẹp",Đỗ Tiến Đạt,2021-12-24T12:59:35,https://tiki.vn/sach-thien-nga-den-tai-ban-2020-p48481763.html?spid=48481764,2026-04-13T13:29:55
tiki,48481763,9807300,5,Tác phẩm xuất sắc thay đổi cách tư duy về cuộc sống,Ha Quang Dong,2021-05-18T16:08:37,https://tiki.vn/sach-thien-nga-den-tai-ban-2020-p48481763.html?spid=48481764,2026-04-13T13:29:55
tiki,48481763,18637629,4,"Sách giao nhanh, bọc cẩn thận, hình thức đẹp, nội dung hấp dẫn.",Doãn Long,2023-01-14T14:15:22,https://tiki.vn/sach-thien-nga-den-tai-ban-2020-p48481763.html?spid=48481764,2026-04-13T13:29:55
tiki,48481763,19092764,5,"sản phẩm đóng gói chắc chắn, giao hàng nhanh",ngô ngọc,2023-04-15T09:38:46,https://tiki.vn/sach-thien-nga-den-tai-ban-2020-p48481763.html?spid=48481764,2026-04-13T13:29:55
tiki,48481763,7910494,4,"góc phía trên hơi nhăn còn lại ok, đặt giao sau Tết mà trước Tết giao rồi, giao lúc mình sắp lên xe về quê.  Nội dung phải đợi nghiền ngẫm, sách dạng này nghiên cứu khá lâu.",Lê Chí Thanh,2021-02-22T22:14:57,https://tiki.vn/sach-thien-nga-den-tai-ban-2020-p48481763.html?spid=48481764,2026-04-13T13:29:55
tiki,48481763,19172074,2,Sách viết rất khó hiểu và giá đắt,Vinh nguyễn,2023-05-08T12:32:12,https://tiki.vn/sach-thien-nga-den-tai-ban-2020-p48481763.html?spid=48481764,2026-04-13T13:29:55
tiki,48481763,18994657,4,"Sách mới, đẹp, chưa đọc nên chưa rõ nội dung",Hải Trương,2023-03-22T14:08:45,https://tiki.vn/sach-thien-nga-den-tai-ban-2020-p48481763.html?spid=48481764,2026-04-13T13:29:55
tiki,48481763,18289633,5,Rất hay. Nên đầu tư để ngâm cứu,Trần Duy Khánh,2022-11-26T09:21:41,https://tiki.vn/sach-thien-nga-den-tai-ban-2020-p48481763.html?spid=48481764,2026-04-13T13:29:55
tiki,48481763,18656982,5,giao nhanh tuyệt! sách hay,Bùi Thị Kim Loan,2023-01-17T20:28:34,https://tiki.vn/sach-thien-nga-den-tai-ban-2020-p48481763.html?spid=48481764,2026-04-13T13:29:55
tiki,48481763,12994708,4,"Sách được bao bọc rất kỹ càng, nhưng mình nghĩ không cần kỹ đến thế. Nhà bán có thể giảm bớt bọc nhựa để thân thiện với môi trường hơn nè :>",Thuận Bùi,2021-11-03T15:49:43,https://tiki.vn/sach-thien-nga-den-tai-ban-2020-p48481763.html?spid=48481764,2026-04-13T13:29:55
tiki,48481763,6755583,5,Luận đề thiên nga đen có ý nghĩa những thứ tồn tại nhưng vì chưa được biết đến dễ khiến người ta cho rằng sự không tồn tại của nó là hiển nhiên. Một luận đề khai mở.,Trương Thuận Lợi,2021-01-06T13:39:42,https://tiki.vn/sach-thien-nga-den-tai-ban-2020-p48481763.html?spid=48481764,2026-04-13T13:29:55
tiki,48481763,4917983,5,"Sách đẹp, giấy in đọc rất ok Nội dung sách muốn hiểu rõ phải đọc lại 2~3 lần để hiểu hết ý TG  Sách nghiên cứu về tính ngẫu nhiên (những hiện tượng bất định) trong cuộc sống, kinh tế, mang lại nhiều góc nhìn và kiến thức mới",Anh Đức,2020-09-20T13:05:04,https://tiki.vn/sach-thien-nga-den-tai-ban-2020-p48481763.html?spid=48481764,2026-04-13T13:29:55
tiki,48481763,18907704,5,Kh có lót chống sốc nên cong hết gáy 😭😭,T Trinh,2023-03-05T13:08:37,https://tiki.vn/sach-thien-nga-den-tai-ban-2020-p48481763.html?spid=48481764,2026-04-13T13:29:55
tiki,48481763,9844307,5,Bạn mình thích cuốn sách này nên mình mua tặng bạn. Nghe nói nội dụng rất hay. Riêng mình thì thấy sách đẹp. Đóng gói và giao hàng nhanh và chắc,Ngô Vinh,2021-05-20T11:25:04,https://tiki.vn/sach-thien-nga-den-tai-ban-2020-p48481763.html?spid=48481764,2026-04-13T13:29:55
tiki,48481763,10820327,5,"tôi chưa đọc nhưng được nhiều người giới thiệu sách có nội dung hay. còn về sách khi nhận thì mới ,đẹp 10* luôn nha.",Tai Tiêu,2021-07-02T16:32:51,https://tiki.vn/sach-thien-nga-den-tai-ban-2020-p48481763.html?spid=48481764,2026-04-13T13:29:55
tiki,48481763,10376694,5,"Nội dung rất hay, phải nói là nghĩ nhiều sau khi đọc",Nguyễn Vinh Quang,2021-06-12T22:04:44,https://tiki.vn/sach-thien-nga-den-tai-ban-2020-p48481763.html?spid=48481764,2026-04-13T13:29:55
tiki,48481763,10436079,5,"Cuốn sách rất hay,tôi đọc được phần đầu rồi, rất cuốn, nó giúp tôi tăng vốn hiểu biết của mình. Về phần đóng gói thì không có sai sót gì, sách tốt.",Bùi Thanh Duy,2021-06-15T15:03:33,https://tiki.vn/sach-thien-nga-den-tai-ban-2020-p48481763.html?spid=48481764,2026-04-13T13:29:55
tiki,48481763,15672951,5,một cuốn sách khá khó đọc  nhưng nếu kiên trì bạn sẽ cảm nhận điều tuyệt vời của nó,Đào Văn Trường,2022-03-30T09:01:12,https://tiki.vn/sach-thien-nga-den-tai-ban-2020-p48481763.html?spid=48481764,2026-04-13T13:29:55
tiki,48481763,18979810,5,Sách rất đẹp,Nguyễn Kiên,2023-03-19T11:04:12,https://tiki.vn/sach-thien-nga-den-tai-ban-2020-p48481763.html?spid=48481764,2026-04-13T13:29:55
tiki,48481763,11003487,3,Nội dung chưa đọc nhưng thấy vậy là quải chè rồi. Rất hay mua sách của tiki nên bị thế này khá khó chịu.,lê viết sơn tùng,2021-07-09T11:15:59,https://tiki.vn/sach-thien-nga-den-tai-ban-2020-p48481763.html?spid=48481764,2026-04-13T13:29:55
tiki,48481763,10258516,1,"Mình đặt sách có book care, hệ thống có ghi nhận và trừ book care của mình nhưng khi nhận sách thì không được bọc",Bao Nguyen Le Nguyen,2021-06-08T14:18:35,https://tiki.vn/sach-thien-nga-den-tai-ban-2020-p48481763.html?spid=48481764,2026-04-13T13:29:55
tiki,48481763,11077910,5,Sách thuần triết học nhưng lối viết và tư duy của tác giả khá hiện đại.  Hợp để đọc trong thời gian ở nhà tránh dịch.,vũ hà,2021-07-11T16:36:42,https://tiki.vn/sach-thien-nga-den-tai-ban-2020-p48481763.html?spid=48481764,2026-04-13T13:29:55
tiki,48481763,14259507,5,Mới nhận sách đẹp đã đọc qua 2 quyển khác của tác giả mong quyển này sẽ không làm thất vọng,Nguyễn Văn Minh,2022-01-04T22:43:21,https://tiki.vn/sach-thien-nga-den-tai-ban-2020-p48481763.html?spid=48481764,2026-04-13T13:29:55
tiki,48481763,15153458,5,giao hàng nhanh,Nguyễn Thành Long,2022-02-26T14:26:56,https://tiki.vn/sach-thien-nga-den-tai-ban-2020-p48481763.html?spid=48481764,2026-04-13T13:29:55
tiki,48481763,14454089,5,"sách đẹp , giao nhanh. Sau bao lần cuối cùng cũng mua được",Đỗ Hạnh,2022-01-14T16:25:55,https://tiki.vn/sach-thien-nga-den-tai-ban-2020-p48481763.html?spid=48481764,2026-04-13T13:29:55
tiki,48481763,17196359,5,quá ok luôn ạ,Châu Trần Thuần Chương,2022-07-25T13:29:21,https://tiki.vn/sach-thien-nga-den-tai-ban-2020-p48481763.html?spid=48481764,2026-04-13T13:29:55
tiki,48481763,15570005,4,"Đọc hơi chán :(( , kb do sách hay do mình",trần công minh,2022-03-23T22:48:25,https://tiki.vn/sach-thien-nga-den-tai-ban-2020-p48481763.html?spid=48481764,2026-04-13T13:29:55
tiki,48481763,17579162,5,Hay,NGUYEN TIEN DUC,2022-09-01T22:57:46,https://tiki.vn/sach-thien-nga-den-tai-ban-2020-p48481763.html?spid=48481764,2026-04-13T13:29:55
tiki,48481763,16741450,5,chất lượng cao,Hứa Tòng Lương,2022-06-17T11:43:18,https://tiki.vn/sach-thien-nga-den-tai-ban-2020-p48481763.html?spid=48481764,2026-04-13T13:29:55
tiki,48481763,11051139,5,"Sách giao nhanh, trang bìa 2 lớp nhìn rất đẹp. Dày hơn so với tưởng tượng của mình.",Yên Hy,2021-07-10T20:10:53,https://tiki.vn/sach-thien-nga-den-tai-ban-2020-p48481763.html?spid=48481764,2026-04-13T13:29:55
tiki,48481763,18530434,5,Ok,Nguyễn Thành Lê,2022-12-29T11:18:30,https://tiki.vn/sach-thien-nga-den-tai-ban-2020-p48481763.html?spid=48481764,2026-04-13T13:29:55
tiki,48481763,11594462,4,Sách mới đẹp hàng chuẩn bao gói sach sẽ đẹp đẽ sẽ ủng hộ shop lần nữa,Hoang Huong,2021-08-03T21:50:47,https://tiki.vn/sach-thien-nga-den-tai-ban-2020-p48481763.html?spid=48481764,2026-04-13T13:29:55
tiki,48481763,11451487,5,"Mình chưa đọc nội dung nhưng khâu vận chuyến và đóng gọi thì ok hết, tks shop",Tiên Nguyễn,2021-07-26T11:50:35,https://tiki.vn/sach-thien-nga-den-tai-ban-2020-p48481763.html?spid=48481764,2026-04-13T13:29:55
tiki,48481763,14333474,5,Tuyệt vời Sản phẩm tốt! Giao hàng tốt,Nguyễn Thị Minh Ngọc,2022-01-08T22:06:19,https://tiki.vn/sach-thien-nga-den-tai-ban-2020-p48481763.html?spid=48481764,2026-04-13T13:29:55
tiki,48481763,18329226,5,Tốt,Mr Thuy,2022-12-01T21:06:57,https://tiki.vn/sach-thien-nga-den-tai-ban-2020-p48481763.html?spid=48481764,2026-04-13T13:29:55
tiki,48481763,12594409,5,"rất tốt. sách đẹp, bọc book care kỹ càng và giao nhanh",Nguyễn Xuân Hùng,2021-10-13T16:22:45,https://tiki.vn/sach-thien-nga-den-tai-ban-2020-p48481763.html?spid=48481764,2026-04-13T13:29:55
tiki,48481763,5835010,5,Giao siêu nhanh lun. Mới đặt tối qua chìu nay đã có hàng. Hàng đẹp. Phải chi sản phẩm là bìa cứng thì đã hơn.  Thanks tiki!,Zalo Thùy Duyên,2020-11-30T17:27:08,https://tiki.vn/sach-thien-nga-den-tai-ban-2020-p48481763.html?spid=48481764,2026-04-13T13:29:55
tiki,48481763,10304247,5,"Tiki giao hàng siêu nhanh, sách mới, Nội dung chưa đọc, nói chung hài lòng với tiki",Trung Hoang,2021-06-10T09:24:21,https://tiki.vn/sach-thien-nga-den-tai-ban-2020-p48481763.html?spid=48481764,2026-04-13T13:29:55
tiki,48481763,18091024,5,Tốt,DOAN LINH DUONG,2022-10-31T09:45:53,https://tiki.vn/sach-thien-nga-den-tai-ban-2020-p48481763.html?spid=48481764,2026-04-13T13:29:55
tiki,48481763,18171885,5,Ok,Jak,2022-11-11T00:15:58,https://tiki.vn/sach-thien-nga-den-tai-ban-2020-p48481763.html?spid=48481764,2026-04-13T13:29:55
tiki,48481763,11576937,5,k có hộp giấy nên nhà sách bọc cho mình bằng cái xốp mà bóp nổ tanh tách á :vv chất lượng siêu tốt,Vũ Thị Thủy,2021-08-02T20:41:20,https://tiki.vn/sach-thien-nga-den-tai-ban-2020-p48481763.html?spid=48481764,2026-04-13T13:29:55
tiki,48481763,14444639,5,"Sách bản quyền , đẹp mê ly ,",Nguyễn Long,2022-01-14T09:59:18,https://tiki.vn/sach-thien-nga-den-tai-ban-2020-p48481763.html?spid=48481764,2026-04-13T13:29:55
tiki,48481763,17976445,4,Good,Meggie Pham,2022-10-16T22:21:19,https://tiki.vn/sach-thien-nga-den-tai-ban-2020-p48481763.html?spid=48481764,2026-04-13T13:29:55
tiki,48481763,9398010,5,"Đóng gói cẩn thận, giao hàng nhanh, cảm ơn shop.",Huỳnh Ngọc Sen,2021-04-28T19:27:38,https://tiki.vn/sach-thien-nga-den-tai-ban-2020-p48481763.html?spid=48481764,2026-04-13T13:29:55
tiki,48481763,17877868,5,Tốt,Linh Lê,2022-10-05T18:24:18,https://tiki.vn/sach-thien-nga-den-tai-ban-2020-p48481763.html?spid=48481764,2026-04-13T13:29:55
tiki,48481763,15006078,5,Giao hàng siêu nhanh,Tuấn Nguyễn,2022-02-17T16:24:14,https://tiki.vn/sach-thien-nga-den-tai-ban-2020-p48481763.html?spid=48481764,2026-04-13T13:29:55
tiki,48481763,17844144,5,Hay,Nguyen Thuy Tu Uyen,2022-10-01T17:50:46,https://tiki.vn/sach-thien-nga-den-tai-ban-2020-p48481763.html?spid=48481764,2026-04-13T13:29:55
tiki,48481763,11562526,5,"Sách hơi khó hiểu, đôi chỗ dịch rất tối nghĩa, nhưng ý tưởng của cuốn sách thực sự hay.",Love Land,2021-08-01T21:55:11,https://tiki.vn/sach-thien-nga-den-tai-ban-2020-p48481763.html?spid=48481764,2026-04-13T13:29:55
tiki,48481763,14654342,4,"sản phẩm giao nhanh, chất lượng sản phẩm giấy in tốt",Văn Hợp,2022-01-23T22:05:02,https://tiki.vn/sach-thien-nga-den-tai-ban-2020-p48481763.html?spid=48481764,2026-04-13T13:29:55
tiki,48481763,13593431,4,"sách ổn, nhưng sách ko đc bao bọc bất cứ gì kể cả chống sốc.",Phạm Thanh Bình,2021-12-03T15:40:26,https://tiki.vn/sach-thien-nga-den-tai-ban-2020-p48481763.html?spid=48481764,2026-04-13T13:29:55
tiki,48481763,10652998,1,"giao hàng trễ, không được bọc bookcover nhựa, gáy sách bị nhăng do vận chuyển. Thất vọng với tiki",Võ Nhật Trường,2021-06-25T13:25:59,https://tiki.vn/sach-thien-nga-den-tai-ban-2020-p48481763.html?spid=48481764,2026-04-13T13:29:55
tiki,48481763,15602540,3,"bìa ngoài rời, chất liệu giấy ko tốt",Công Nguyễn,2022-03-26T07:34:43,https://tiki.vn/sach-thien-nga-den-tai-ban-2020-p48481763.html?spid=48481764,2026-04-13T13:29:55
tiki,48481763,15212392,5,sách hay quá đi...rất đáng để đọc thử.,Thượng Nam Bình,2022-03-02T02:01:57,https://tiki.vn/sach-thien-nga-den-tai-ban-2020-p48481763.html?spid=48481764,2026-04-13T13:29:55
tiki,48481763,17565537,5,hay,Triet Le,2022-08-31T12:14:25,https://tiki.vn/sach-thien-nga-den-tai-ban-2020-p48481763.html?spid=48481764,2026-04-13T13:29:55
tiki,48481763,7242865,5,"Sách giao sớm hơn thời gian dự kiến. Chất lượng đóng gói ổn, chắc chắn, sách sạch sẽ không bị móp méo. Nói chung là hài lòng",Hoàng Nguyễn Hiếu Nhi,2021-01-25T19:48:55,https://tiki.vn/sach-thien-nga-den-tai-ban-2020-p48481763.html?spid=48481764,2026-04-13T13:29:55
tiki,48481763,15258138,5,tốt,Nguyễn Tiến Hùng,2022-03-04T20:23:17,https://tiki.vn/sach-thien-nga-den-tai-ban-2020-p48481763.html?spid=48481764,2026-04-13T13:29:55
tiki,48481763,5422205,5,"Sách rất hay, các quan điểm của tác giả đều có dẫn chứng thuyết phục. Sách đẹp, giấy chất lượng tốt.",Helios Gots,2020-10-31T19:40:47,https://tiki.vn/sach-thien-nga-den-tai-ban-2020-p48481763.html?spid=48481764,2026-04-13T13:29:55
tiki,48481763,7721676,5,Sách hay nên đọc Tuy mỗi người đọc sẽ có suy ngẫm khác nhau Nhưng kiến thức tác giả cung cấp sẽ giúp ích rất nhiều,Như Hiếu,2021-02-15T17:35:30,https://tiki.vn/sach-thien-nga-den-tai-ban-2020-p48481763.html?spid=48481764,2026-04-13T13:29:55
tiki,48481763,7979241,3,Sách hình thức đẹp nhưng bản dịch nhiều chỗ hành văn word by word rất khó hiểu.,Hai Bacti,2021-02-25T13:16:07,https://tiki.vn/sach-thien-nga-den-tai-ban-2020-p48481763.html?spid=48481764,2026-04-13T13:29:55
tiki,48481763,15676931,5,sách rất hay tác phẩm nên đọc,Sơn,2022-03-30T12:29:34,https://tiki.vn/sach-thien-nga-den-tai-ban-2020-p48481763.html?spid=48481764,2026-04-13T13:29:55
tiki,48481763,15089043,5,hay,Thomas Muller,2022-02-22T19:54:17,https://tiki.vn/sach-thien-nga-den-tai-ban-2020-p48481763.html?spid=48481764,2026-04-13T13:29:55
tiki,48481763,16087364,5,Sách đẹp! Giao hàng nhanh,Trần Vân Anh,2022-04-25T20:03:50,https://tiki.vn/sach-thien-nga-den-tai-ban-2020-p48481763.html?spid=48481764,2026-04-13T13:29:55
tiki,48481763,9927081,5,sách mướt :)) chưa đọc,Vô Diện,2021-05-24T11:37:25,https://tiki.vn/sach-thien-nga-den-tai-ban-2020-p48481763.html?spid=48481764,2026-04-13T13:29:55
tiki,48481763,9439724,5,"sách khá to, bìa đẹp, giao hàng nhanh, bọc cẩn thận, hài lòng,,,",Lê Phương,2021-05-01T09:51:39,https://tiki.vn/sach-thien-nga-den-tai-ban-2020-p48481763.html?spid=48481764,2026-04-13T13:29:55
tiki,48481763,11107949,5,"Ngoại quan tốt, tiki giao hàng nhanh, mình rất ưng",Bùi Thu Trang,2021-07-12T18:16:04,https://tiki.vn/sach-thien-nga-den-tai-ban-2020-p48481763.html?spid=48481764,2026-04-13T13:29:55
tiki,48481763,14434591,5,Âhhhaha,Đức Đặng,2022-01-13T18:41:09,https://tiki.vn/sach-thien-nga-den-tai-ban-2020-p48481763.html?spid=48481764,2026-04-13T13:29:55
tiki,48481763,3425876,5,"Sách đẹp chất lượng, tuy nhiên sách bọc bookcare của mình bị rách, đề nghị Tiki hoàn lại bookcare cho mình",Nguyễn Thị Minh Ngọc,2020-04-18T09:52:20,https://tiki.vn/sach-thien-nga-den-tai-ban-2020-p48481763.html?spid=48481764,2026-04-13T13:29:55
tiki,48481763,3429035,4,"Mình vừa nhận sách hôm qua, phải nói là chất lượng sách không có gì đáng phàn nàn trừ việc giao hàng quá lâu, đặt từ chủ nhật tuần trước mà mãi gần một tuần sau mới giao.",Shery Ai,2020-04-18T16:45:34,https://tiki.vn/sach-thien-nga-den-tai-ban-2020-p48481763.html?spid=48481764,2026-04-13T13:29:55
tiki,48481763,16975824,5,Goos,Duong Nguyen,2022-07-07T17:24:55,https://tiki.vn/sach-thien-nga-den-tai-ban-2020-p48481763.html?spid=48481764,2026-04-13T13:29:55
tiki,48481763,10910776,5,Sách hay cực kì highly recommend mn đọc quyển này,Cẩm Tú,2021-07-06T10:43:25,https://tiki.vn/sach-thien-nga-den-tai-ban-2020-p48481763.html?spid=48481764,2026-04-13T13:29:55
tiki,48481763,16955575,5,Good,Pham Xuan Thuong,2022-07-06T08:50:54,https://tiki.vn/sach-thien-nga-den-tai-ban-2020-p48481763.html?spid=48481764,2026-04-13T13:29:55
tiki,48481763,14036279,5,sách đẹp,Trần Đăng,2021-12-24T09:53:21,https://tiki.vn/sach-thien-nga-den-tai-ban-2020-p48481763.html?spid=48481764,2026-04-13T13:29:55
tiki,48481763,16344086,5,Nội dung ok.,Mua TikiNow,2022-05-16T10:38:44,https://tiki.vn/sach-thien-nga-den-tai-ban-2020-p48481763.html?spid=48481764,2026-04-13T13:29:55
tiki,48481763,8586093,5,"Chất lượng của quyển sách thì không phải bàn. nội dung hàm triết, đọc đi đọc lại càng thấy hay.",Nguyễn Minh Đức,2021-03-22T19:23:03,https://tiki.vn/sach-thien-nga-den-tai-ban-2020-p48481763.html?spid=48481764,2026-04-13T13:29:55
tiki,48481763,10515104,1,nội dung khá khó đọc. đã đọc dc khoảng 100 trang nhưng vẫn chưa thấy ý j mới!!!,Tan Tan,2021-06-18T22:31:57,https://tiki.vn/sach-thien-nga-den-tai-ban-2020-p48481763.html?spid=48481764,2026-04-13T13:29:55
tiki,48481763,16132312,5,rất hài lòng,Nguyễn Hằng,2022-04-29T10:56:18,https://tiki.vn/sach-thien-nga-den-tai-ban-2020-p48481763.html?spid=48481764,2026-04-13T13:29:55
tiki,48481763,15941401,4,Gói cẩn thận,Thanh Vinh,2022-04-15T22:13:01,https://tiki.vn/sach-thien-nga-den-tai-ban-2020-p48481763.html?spid=48481764,2026-04-13T13:29:55
tiki,48481763,10171604,5,"xịn xò thực sự, tiếc là không có bookcare :')",Hoai Thuong,2021-06-05T09:48:36,https://tiki.vn/sach-thien-nga-den-tai-ban-2020-p48481763.html?spid=48481764,2026-04-13T13:29:55
tiki,48481763,8520830,5,"Sách đẹp, ship siêu nhanh.",oanh Oanh,2021-03-19T19:40:11,https://tiki.vn/sach-thien-nga-den-tai-ban-2020-p48481763.html?spid=48481764,2026-04-13T13:29:55
tiki,48481763,5336485,5,"Đây là một quyển sách đáng đọc với lượng kiến thức phong phú, lối phân tích sâu sắc.",MÃ HẠNH,2020-10-24T01:11:25,https://tiki.vn/sach-thien-nga-den-tai-ban-2020-p48481763.html?spid=48481764,2026-04-13T13:29:55
tiki,48481763,7589080,5,"Sách rất hay dành cho những ai muốn khám phá những điều bất ngờ,",Alex Nguyen,2021-02-06T22:02:12,https://tiki.vn/sach-thien-nga-den-tai-ban-2020-p48481763.html?spid=48481764,2026-04-13T13:29:55
tiki,48481763,13320388,5,sp ok. ảnh chỉ mang tính chất minh họa.,Nguyễn Thanh Nhân,2021-11-20T11:27:05,https://tiki.vn/sach-thien-nga-den-tai-ban-2020-p48481763.html?spid=48481764,2026-04-13T13:29:55
tiki,48481763,15369331,5,giao hàng nhanh,Anh Thông,2022-03-11T19:59:50,https://tiki.vn/sach-thien-nga-den-tai-ban-2020-p48481763.html?spid=48481764,2026-04-13T13:29:55
tiki,48481763,15302394,5,Sách hay ạ,Nguyễn Hồng Ngọc,2022-03-07T16:14:39,https://tiki.vn/sach-thien-nga-den-tai-ban-2020-p48481763.html?spid=48481764,2026-04-13T13:29:55
tiki,48481763,10290540,4,"sách giao nhanh, đóng gói cẩn thận",Doãn Trường Ninh,2021-06-09T17:03:11,https://tiki.vn/sach-thien-nga-den-tai-ban-2020-p48481763.html?spid=48481764,2026-04-13T13:29:55
tiki,48481763,15569153,5,Rat hay.,Quoc Khiem,2022-03-23T21:44:02,https://tiki.vn/sach-thien-nga-den-tai-ban-2020-p48481763.html?spid=48481764,2026-04-13T13:29:55
tiki,48481763,11680455,5,rất tốt. sách đẹp,Nguyễn Xuân Hùng,2021-08-08T13:48:22,https://tiki.vn/sach-thien-nga-den-tai-ban-2020-p48481763.html?spid=48481764,2026-04-13T13:29:55
tiki,48481763,15311035,5,sách đẹp,Trần Quốc Dũng,2022-03-08T09:48:56,https://tiki.vn/sach-thien-nga-den-tai-ban-2020-p48481763.html?spid=48481764,2026-04-13T13:29:55
tiki,48481763,4761123,5,"chưa đọc nhưng đọc review nội dung khá hấp dẫn và hứng thú nên mình mua. tuy nhiên sách hơi bụi, dơ và bị móp nhẹ. hơi buồn",Truong Le Van,2020-09-07T13:20:44,https://tiki.vn/sach-thien-nga-den-tai-ban-2020-p48481763.html?spid=48481764,2026-04-13T13:29:55
tiki,48481763,15486883,5,Bnnbjn,Mim Mim,2022-03-18T19:30:05,https://tiki.vn/sach-thien-nga-den-tai-ban-2020-p48481763.html?spid=48481764,2026-04-13T13:29:55
tiki,48481763,13846597,5,"giao hàng nhanh, sách đẹp",Trang Sherry,2021-12-15T16:35:23,https://tiki.vn/sach-thien-nga-den-tai-ban-2020-p48481763.html?spid=48481764,2026-04-13T13:29:55
tiki,48481763,8285303,5,sách giao hơi lâu nhưng rất đẹp và chất lượng,Trần Hà,2021-03-09T16:17:47,https://tiki.vn/sach-thien-nga-den-tai-ban-2020-p48481763.html?spid=48481764,2026-04-13T13:29:55
tiki,48481763,14901289,5,Tại thích,Nguyễn Huỳnh Minh Đức,2022-02-11T15:39:55,https://tiki.vn/sach-thien-nga-den-tai-ban-2020-p48481763.html?spid=48481764,2026-04-13T13:29:55
tiki,48481763,3616716,5,"Nếu ai làm về đầu tư chứng khoán mà lại chuyên về phân tích kĩ thuật, dùng biểu đồ để dự báo tương lai thì sẽ không muốn đọc cuốn này.",Hoàng Phong,2020-05-22T18:40:34,https://tiki.vn/sach-thien-nga-den-tai-ban-2020-p48481763.html?spid=48481764,2026-04-13T13:29:55
tiki,48481763,3172181,3,Không lẽ tội trả hàng nữa chứ. Buôn bán lạ đời,Phạm Tiến Sĩ,2020-03-16T11:35:44,https://tiki.vn/sach-thien-nga-den-tai-ban-2020-p48481763.html?spid=48481764,2026-04-13T13:29:55
tiki,48481763,15023718,5,tuyệt,Nguyễn An,2022-02-18T17:42:17,https://tiki.vn/sach-thien-nga-den-tai-ban-2020-p48481763.html?spid=48481764,2026-04-13T13:29:55
tiki,48481763,9253042,4,Tiki nên bọc sách để đảm bảo chất lượng trong quá trình vận chuyển,Đặng Huỳnh Tuấn An,2021-04-23T10:03:31,https://tiki.vn/sach-thien-nga-den-tai-ban-2020-p48481763.html?spid=48481764,2026-04-13T13:29:55
tiki,48481763,15143614,5,good,Nguyễn Phú Phúc,2022-02-25T21:08:23,https://tiki.vn/sach-thien-nga-den-tai-ban-2020-p48481763.html?spid=48481764,2026-04-13T13:29:55
tiki,48481763,10279961,5,"Giao hàng nhanh, giá tốt",Thịnh Trần,2021-06-09T11:00:17,https://tiki.vn/sach-thien-nga-den-tai-ban-2020-p48481763.html?spid=48481764,2026-04-13T13:29:55
tiki,48481763,9326692,3,"Phần bìa hơi bẩn, giao hàng nhanh",Đạt Nguyễn Phước,2021-04-25T16:51:42,https://tiki.vn/sach-thien-nga-den-tai-ban-2020-p48481763.html?spid=48481764,2026-04-13T13:29:55
tiki,48481763,10970186,5,"Giao hàng nhanh, sách bọc cẩn thận, giấy ổn, đẹp.",Nguyệt Lê,2021-07-08T09:18:44,https://tiki.vn/sach-thien-nga-den-tai-ban-2020-p48481763.html?spid=48481764,2026-04-13T13:29:55
tiki,48481763,8334800,5,đẹp,Toan Nguyen,2021-03-11T18:07:09,https://tiki.vn/sach-thien-nga-den-tai-ban-2020-p48481763.html?spid=48481764,2026-04-13T13:29:55
tiki,48481763,11055471,5,giao hàng nhanh,Quynh Nguyen,2021-07-10T22:50:05,https://tiki.vn/sach-thien-nga-den-tai-ban-2020-p48481763.html?spid=48481764,2026-04-13T13:29:55
tiki,48481763,6820394,5,"Sách nguyên vẹn và mới, rất hài lòng với dịch vụ",Doan Khanh,2021-01-09T01:13:19,https://tiki.vn/sach-thien-nga-den-tai-ban-2020-p48481763.html?spid=48481764,2026-04-13T13:29:55
tiki,48481763,6900944,4,Hài lòng về cách đóng gói & thời gian giao hàng nhanh,Vũ Thị Hải,2021-01-12T14:26:51,https://tiki.vn/sach-thien-nga-den-tai-ban-2020-p48481763.html?spid=48481764,2026-04-13T13:29:55
tiki,48481763,10533137,3,Chất lượng sách tốt. Về nội dung hơi hoang mang tí.,cao nghĩa,2021-06-19T20:32:26,https://tiki.vn/sach-thien-nga-den-tai-ban-2020-p48481763.html?spid=48481764,2026-04-13T13:29:55
tiki,48481763,14744224,4,hay,Hoang Quan,2022-01-29T00:46:54,https://tiki.vn/sach-thien-nga-den-tai-ban-2020-p48481763.html?spid=48481764,2026-04-13T13:29:55
tiki,48481763,7408950,5,"Nội dung khá ổn, hơi khó đọc vs 1 số người",Vũ Minh Hiển,2021-01-31T18:27:54,https://tiki.vn/sach-thien-nga-den-tai-ban-2020-p48481763.html?spid=48481764,2026-04-13T13:29:55
tiki,48481763,10333621,5,"Giao hàng siêu nhanh, sách nguyên vẹn không móp méo! nice",Phương vy Nguyễn Ngọc,2021-06-11T08:26:02,https://tiki.vn/sach-thien-nga-den-tai-ban-2020-p48481763.html?spid=48481764,2026-04-13T13:29:55
tiki,48481763,8641861,5,"... Khó đọc lắm mấy bạn, nên kiếm người có đọc thử trước...",My Daisy,2021-03-24T21:58:42,https://tiki.vn/sach-thien-nga-den-tai-ban-2020-p48481763.html?spid=48481764,2026-04-13T13:29:55
tiki,48481763,11034170,5,Hàng ok,Nguyễn Đức Thành,2021-07-10T11:12:32,https://tiki.vn/sach-thien-nga-den-tai-ban-2020-p48481763.html?spid=48481764,2026-04-13T13:29:55
tiki,48481763,9328245,5,đóng gói chắc chắn,M Linh,2021-04-25T18:10:12,https://tiki.vn/sach-thien-nga-den-tai-ban-2020-p48481763.html?spid=48481764,2026-04-13T13:29:55
tiki,48481763,11246539,5,zz,Lê Kim Tấn Tài,2021-07-17T14:42:47,https://tiki.vn/sach-thien-nga-den-tai-ban-2020-p48481763.html?spid=48481764,2026-04-13T13:29:55
tiki,48481763,8388494,5,"Tiki giao hàng nhanh, sách bao bọc rất cẩn thận, mình rất hài lòng",Võ Thanh Tuyền,2021-03-14T00:21:55,https://tiki.vn/sach-thien-nga-den-tai-ban-2020-p48481763.html?spid=48481764,2026-04-13T13:29:55
tiki,48481763,11900155,5,chua đọc nhing bao bao rất tốt,Quang Nhựt Huỳnh,2021-08-18T19:41:51,https://tiki.vn/sach-thien-nga-den-tai-ban-2020-p48481763.html?spid=48481764,2026-04-13T13:29:55
tiki,48481763,6288286,5,"Sách không được bọc seal, cạnh sách cong vênh.",Duyên Trần Trọng Hữu,2020-12-17T18:55:43,https://tiki.vn/sach-thien-nga-den-tai-ban-2020-p48481763.html?spid=48481764,2026-04-13T13:29:55
tiki,48481763,8903315,5,Bạn nên có nó trong danh sách những quyển sách cần đọc.,Nguyễn Hữu Trí,2021-04-05T13:43:34,https://tiki.vn/sach-thien-nga-den-tai-ban-2020-p48481763.html?spid=48481764,2026-04-13T13:29:55
tiki,48481763,5569575,4,"Sách đẹp , giao nhanh nhưng đóng gói hơi bẩn và bụi",Ngoc Tan,2020-11-12T10:27:44,https://tiki.vn/sach-thien-nga-den-tai-ban-2020-p48481763.html?spid=48481764,2026-04-13T13:29:55
tiki,48481763,13409467,5,Tốt,Trần Minh Đức,2021-11-24T18:04:55,https://tiki.vn/sach-thien-nga-den-tai-ban-2020-p48481763.html?spid=48481764,2026-04-13T13:29:55
tiki,48481763,9878754,5,"Sách đẹp, giao nhanh, bookcare cẩn thận",Vicky Huỳnh,2021-05-21T22:48:12,https://tiki.vn/sach-thien-nga-den-tai-ban-2020-p48481763.html?spid=48481764,2026-04-13T13:29:55
tiki,48481763,12270081,5,sách hay ạ,Nguyễn Ngọc Lan,2021-09-21T10:20:45,https://tiki.vn/sach-thien-nga-den-tai-ban-2020-p48481763.html?spid=48481764,2026-04-13T13:29:55
tiki,48481763,11677029,5,bọc sách chắc chắn,Mai truong ngoc,2021-08-08T12:09:26,https://tiki.vn/sach-thien-nga-den-tai-ban-2020-p48481763.html?spid=48481764,2026-04-13T13:29:55
tiki,48481763,5205765,5,"Nhận được sách mới coong, giao nhanh. Rất ưng!!",Tam Doan,2020-10-14T10:04:38,https://tiki.vn/sach-thien-nga-den-tai-ban-2020-p48481763.html?spid=48481764,2026-04-13T13:29:55
tiki,48481763,11710962,5,Sách hay bao bì okie,Chi Nguyễn,2021-08-09T21:09:11,https://tiki.vn/sach-thien-nga-den-tai-ban-2020-p48481763.html?spid=48481764,2026-04-13T13:29:55
tiki,48481763,11009155,5,"đóng gói kỹ, giao nhanh",Tranloan,2021-07-09T13:52:05,https://tiki.vn/sach-thien-nga-den-tai-ban-2020-p48481763.html?spid=48481764,2026-04-13T13:29:55
tiki,48481763,8485081,5,"Giao hàng nhanh, đóng gói đẹp, rất hài lòng an",Lê Hoàng Lan Diễm,2021-03-18T10:01:29,https://tiki.vn/sach-thien-nga-den-tai-ban-2020-p48481763.html?spid=48481764,2026-04-13T13:29:55
tiki,48481763,9151974,5,hay,An Tran,2021-04-18T12:13:22,https://tiki.vn/sach-thien-nga-den-tai-ban-2020-p48481763.html?spid=48481764,2026-04-13T13:29:55
tiki,48481763,10499693,5,Đọc phải ngẫm ghê á,Nguyễn Trọng Tú,2021-06-18T10:50:23,https://tiki.vn/sach-thien-nga-den-tai-ban-2020-p48481763.html?spid=48481764,2026-04-13T13:29:55
tiki,48481763,7974215,4,4 sao thui vì giao cho mình cuốn bị bẩn ở bìa :,Ngc L,2021-02-25T10:53:02,https://tiki.vn/sach-thien-nga-den-tai-ban-2020-p48481763.html?spid=48481764,2026-04-13T13:29:55
tiki,48481763,10885205,4,Gáy sách bị móp,NGUYEN VAN BANG,2021-07-05T10:28:29,https://tiki.vn/sach-thien-nga-den-tai-ban-2020-p48481763.html?spid=48481764,2026-04-13T13:29:55
tiki,48481763,11755280,5,sách hay,Trân Nguyễn,2021-08-12T10:35:57,https://tiki.vn/sach-thien-nga-den-tai-ban-2020-p48481763.html?spid=48481764,2026-04-13T13:29:55
tiki,48481763,11205079,5,rất hài lòng,Ngô Xuân Dương,2021-07-16T08:47:26,https://tiki.vn/sach-thien-nga-den-tai-ban-2020-p48481763.html?spid=48481764,2026-04-13T13:29:55
tiki,48481763,7545522,5,Chưa đọc nhưng sách siêu đẹp shipper thân thiện,Thùy Nguyễn,2021-02-05T11:25:07,https://tiki.vn/sach-thien-nga-den-tai-ban-2020-p48481763.html?spid=48481764,2026-04-13T13:29:55
tiki,48481763,7643869,3,sách bảo quản không tốt . Bìa nhiều vết bẩn,Phương Phạm,2021-02-09T09:58:31,https://tiki.vn/sach-thien-nga-den-tai-ban-2020-p48481763.html?spid=48481764,2026-04-13T13:29:55
tiki,48481763,6234620,5,"bề ngoài khá đẹp , giao hàng nhanh tốt , ngại gì không 5*?",Kiều VY,2020-12-15T21:36:06,https://tiki.vn/sach-thien-nga-den-tai-ban-2020-p48481763.html?spid=48481764,2026-04-13T13:29:55
tiki,48481763,10776627,5,sản phẩm tốt,ly chu,2021-06-30T19:47:50,https://tiki.vn/sach-thien-nga-den-tai-ban-2020-p48481763.html?spid=48481764,2026-04-13T13:29:55
tiki,48481763,11929254,5,ok,Vũ Đại Dương,2021-08-20T09:33:48,https://tiki.vn/sach-thien-nga-den-tai-ban-2020-p48481763.html?spid=48481764,2026-04-13T13:29:55
tiki,48481763,10511596,5,sách rất tuyệt,Vũ Tiến Đạt,2021-06-18T19:41:15,https://tiki.vn/sach-thien-nga-den-tai-ban-2020-p48481763.html?spid=48481764,2026-04-13T13:29:55
tiki,48481763,4904494,3,"bìa dơ, cong trầy, bên trong sách vẫn còn nguyên nhưng khâu đóng gói quá tệ",Trịnh Quốc Anh,2020-09-19T11:00:16,https://tiki.vn/sach-thien-nga-den-tai-ban-2020-p48481763.html?spid=48481764,2026-04-13T13:29:55
tiki,48481763,10667434,4,sách hơi cũ,Nguyễn Thiện Huy,2021-06-26T08:56:27,https://tiki.vn/sach-thien-nga-den-tai-ban-2020-p48481763.html?spid=48481764,2026-04-13T13:29:55
tiki,48481763,7832465,5,hay,Chuyen Tran,2021-02-19T21:20:12,https://tiki.vn/sach-thien-nga-den-tai-ban-2020-p48481763.html?spid=48481764,2026-04-13T13:29:55
tiki,48481763,9335036,5,chất lượng sách tốt,Bành Gia Minh,2021-04-25T22:55:43,https://tiki.vn/sach-thien-nga-den-tai-ban-2020-p48481763.html?spid=48481764,2026-04-13T13:29:55
tiki,48481763,11366499,5,Hay,Hoa Minh Huynh,2021-07-22T11:25:40,https://tiki.vn/sach-thien-nga-den-tai-ban-2020-p48481763.html?spid=48481764,2026-04-13T13:29:55
tiki,48481763,11171028,5,ok,Nguyễn Tuấn Anh,2021-07-14T21:21:49,https://tiki.vn/sach-thien-nga-den-tai-ban-2020-p48481763.html?spid=48481764,2026-04-13T13:29:55
tiki,48481763,9355952,4,hàng đúng mẫu mã,Zalo Duy Nguyễn,2021-04-26T20:13:22,https://tiki.vn/sach-thien-nga-den-tai-ban-2020-p48481763.html?spid=48481764,2026-04-13T13:29:55
tiki,48481763,7781609,3,Sách đẹp. Nội dung khó nhai. :)),Nguyễn Huân,2021-02-18T12:06:12,https://tiki.vn/sach-thien-nga-den-tai-ban-2020-p48481763.html?spid=48481764,2026-04-13T13:29:55
tiki,48481763,6713303,5,Tiki giao hàng nhanh. Chất lượng sách tốt,Nguyễn Trung Âu,2021-01-04T20:04:29,https://tiki.vn/sach-thien-nga-den-tai-ban-2020-p48481763.html?spid=48481764,2026-04-13T13:29:55
tiki,48481763,10611791,5,xxx,Nguyễn Văn Quang,2021-06-23T14:55:42,https://tiki.vn/sach-thien-nga-den-tai-ban-2020-p48481763.html?spid=48481764,2026-04-13T13:29:55
tiki,48481763,10641725,5,Ok,Nguyen Thi Le Tuyet,2021-06-24T21:34:03,https://tiki.vn/sach-thien-nga-den-tai-ban-2020-p48481763.html?spid=48481764,2026-04-13T13:29:55
tiki,48481763,6569755,5,tốt,Thảo Linh Lê,2020-12-28T19:05:34,https://tiki.vn/sach-thien-nga-den-tai-ban-2020-p48481763.html?spid=48481764,2026-04-13T13:29:55
tiki,48481763,10413443,5,Good,Chu Thi Thanh Tu,2021-06-14T16:26:58,https://tiki.vn/sach-thien-nga-den-tai-ban-2020-p48481763.html?spid=48481764,2026-04-13T13:29:55
tiki,48481763,9444490,5,Chất lượng,Jimmy Lê,2021-05-01T17:05:15,https://tiki.vn/sach-thien-nga-den-tai-ban-2020-p48481763.html?spid=48481764,2026-04-13T13:29:55
tiki,48481763,9863530,5,Sách hay,Anh Tín Trần,2021-05-21T10:46:36,https://tiki.vn/sach-thien-nga-den-tai-ban-2020-p48481763.html?spid=48481764,2026-04-13T13:29:55
tiki,48481763,9146762,5,Đóng gói tốt!,Thomas Tung Nguyen,2021-04-18T07:43:29,https://tiki.vn/sach-thien-nga-den-tai-ban-2020-p48481763.html?spid=48481764,2026-04-13T13:29:55
tiki,48481763,7537713,3,"sách bị bẩn, bao hàng bị móp",Kết Tủa,2021-02-05T00:13:33,https://tiki.vn/sach-thien-nga-den-tai-ban-2020-p48481763.html?spid=48481764,2026-04-13T13:29:55
tiki,48481763,10273448,5,hay,Nguyễn Hải,2021-06-08T23:48:53,https://tiki.vn/sach-thien-nga-den-tai-ban-2020-p48481763.html?spid=48481764,2026-04-13T13:29:55
tiki,48481763,8164745,5,Sách hay rất đáng đọc,Diễm Hằng,2021-03-04T15:31:11,https://tiki.vn/sach-thien-nga-den-tai-ban-2020-p48481763.html?spid=48481764,2026-04-13T13:29:55
tiki,48481763,9674277,5,hài lòng,Thu Hiền Pham,2021-05-12T19:29:34,https://tiki.vn/sach-thien-nga-den-tai-ban-2020-p48481763.html?spid=48481764,2026-04-13T13:29:55
tiki,48481763,9201573,5,sách đẹp,Hoàng Thị Thủy,2021-04-20T17:53:53,https://tiki.vn/sach-thien-nga-den-tai-ban-2020-p48481763.html?spid=48481764,2026-04-13T13:29:55
tiki,48481763,9876424,4,Hay,Tuấn Kiệt,2021-05-21T20:53:50,https://tiki.vn/sach-thien-nga-den-tai-ban-2020-p48481763.html?spid=48481764,2026-04-13T13:29:55
tiki,48481763,9708495,5,Tốt,Taka pham,2021-05-14T11:44:10,https://tiki.vn/sach-thien-nga-den-tai-ban-2020-p48481763.html?spid=48481764,2026-04-13T13:29:55
tiki,48481763,3123621,5,"Giao siêu nhanh, chọn miễn phí mà hôm sau đã có, sách đẹp.mới keng.đọc khá thú vị. Vote tiki 5 sao",VU TUNG,2020-03-08T23:52:36,https://tiki.vn/sach-thien-nga-den-tai-ban-2020-p48481763.html?spid=48481764,2026-04-13T13:29:55
tiki,48481763,9664813,5,Tối,nguyễn bình,2021-05-12T12:31:23,https://tiki.vn/sach-thien-nga-den-tai-ban-2020-p48481763.html?spid=48481764,2026-04-13T13:29:55
tiki,48481763,9645085,5,Hhh,hương,2021-05-11T14:46:39,https://tiki.vn/sach-thien-nga-den-tai-ban-2020-p48481763.html?spid=48481764,2026-04-13T13:29:55
tiki,48481763,9096408,5,Hay,Nguyễn Văn Quỳnh,2021-04-15T10:50:46,https://tiki.vn/sach-thien-nga-den-tai-ban-2020-p48481763.html?spid=48481764,2026-04-13T13:29:55
tiki,48481763,6629695,4,4* cho giao hàng trễ hẹn.,Thuy Nguyen,2020-12-31T09:05:35,https://tiki.vn/sach-thien-nga-den-tai-ban-2020-p48481763.html?spid=48481764,2026-04-13T13:29:55
tiki,48481763,6440329,3,sách bị gãy 1 góc,Yuddy Ngô,2020-12-23T14:39:02,https://tiki.vn/sach-thien-nga-den-tai-ban-2020-p48481763.html?spid=48481764,2026-04-13T13:29:55
tiki,48481763,4323706,5,Sách đẹp nhưng mình chưa biết nội dung ra sao,Nguyen Bao Anh,2020-08-04T16:24:50,https://tiki.vn/sach-thien-nga-den-tai-ban-2020-p48481763.html?spid=48481764,2026-04-13T13:29:55
tiki,48481763,6935162,3,Sách bẩn,Hoang Nguyen,2021-01-13T20:04:00,https://tiki.vn/sach-thien-nga-den-tai-ban-2020-p48481763.html?spid=48481764,2026-04-13T13:29:55
tiki,48481763,6952097,5,hài lòng,Mai Lê,2021-01-14T13:40:08,https://tiki.vn/sach-thien-nga-den-tai-ban-2020-p48481763.html?spid=48481764,2026-04-13T13:29:55
tiki,48481763,7612185,5,ok,manh cuong,2021-02-07T21:11:13,https://tiki.vn/sach-thien-nga-den-tai-ban-2020-p48481763.html?spid=48481764,2026-04-13T13:29:55
tiki,48481763,6848742,5,A mazzing,Trần Thành,2021-01-10T11:10:24,https://tiki.vn/sach-thien-nga-den-tai-ban-2020-p48481763.html?spid=48481764,2026-04-13T13:29:55
tiki,48481763,4529849,3,Minh co bookcare nhung ko thay sach duoc boc.,Nam Tran,2020-08-19T16:56:55,https://tiki.vn/sach-thien-nga-den-tai-ban-2020-p48481763.html?spid=48481764,2026-04-13T13:29:55
tiki,48481763,5685716,5,sản phẩm tốt.,Lê Quân,2020-11-20T14:15:35,https://tiki.vn/sach-thien-nga-den-tai-ban-2020-p48481763.html?spid=48481764,2026-04-13T13:29:55
tiki,48481763,4017692,3,"Nội dung khá rối, ngôn từ không tường minh",Trần Trung Độ,2020-07-08T10:09:58,https://tiki.vn/sach-thien-nga-den-tai-ban-2020-p48481763.html?spid=48481764,2026-04-13T13:29:55
tiki,48481763,5190393,5,Đóng gói kĩ,Gia Linh,2020-10-13T10:08:28,https://tiki.vn/sach-thien-nga-den-tai-ban-2020-p48481763.html?spid=48481764,2026-04-13T13:29:55
tiki,48481763,5737951,5,fg,Hye Soo Pé,2020-11-25T11:44:42,https://tiki.vn/sach-thien-nga-den-tai-ban-2020-p48481763.html?spid=48481764,2026-04-13T13:29:55
tiki,48481763,3535849,5,"Giao hàng  đúng thời gian, sách chuẩn,.",Phan Hoàng Thái,2020-05-09T16:53:10,https://tiki.vn/sach-thien-nga-den-tai-ban-2020-p48481763.html?spid=48481764,2026-04-13T13:29:55
tiki,48481763,3305575,5,Chất lượng sách tốt. Tiki giao hàng nhanh?,Thắng Lại,2020-04-01T21:33:46,https://tiki.vn/sach-thien-nga-den-tai-ban-2020-p48481763.html?spid=48481764,2026-04-13T13:29:55
tiki,48481763,3647868,5,"good, sách mới và đẹp ...",Ha Le,2020-05-27T22:07:51,https://tiki.vn/sach-thien-nga-den-tai-ban-2020-p48481763.html?spid=48481764,2026-04-13T13:29:55
tiki,48481763,3267948,5,"a good book, tiki is good service",Tran Duc Son,2020-03-27T21:02:07,https://tiki.vn/sach-thien-nga-den-tai-ban-2020-p48481763.html?spid=48481764,2026-04-13T13:29:55
tiki,48481763,4120879,5,j,thien quan,2020-07-18T21:34:50,https://tiki.vn/sach-thien-nga-den-tai-ban-2020-p48481763.html?spid=48481764,2026-04-13T13:29:55
tiki,48481763,17192637,1,"(*) Đánh giá không tính điểm Đóng gói quá tệ, không chống sốc, hộp thì nát bét. May mà sách chỉ bị cấn nhẹ :) lần nào mua sách cũng gặp vấn đề với khâu đóng gói",Huỳnh Triệu Phi,2022-07-25T07:53:42,https://tiki.vn/sach-thien-nga-den-tai-ban-2020-p48481763.html?spid=48481764,2026-04-13T13:29:55
